{"text": "\u3092\u30d8\u30aa\u30ad\u30fc\u3067\u3055\u305b\u662f\u4ec0\u9ebc", "segments": [{"id": 0, "seek": 0, "start": 0.0, "end": 7.0600000000000005, "text": "\u3092\u30d8\u30aa\u30ad\u30fc\u3067\u3055\u305b\u662f\u4ec0\u9ebc", "tokens": [50364, 5998, 1047, 246, 18743, 15535, 3384, 2474, 6722, 13702, 35851, 50717], "temperature": 1.0, "avg_logprob": -4.081554999718299, "compression_ratio": 0.75, "no_speech_prob": 0.025566138327121735}], "language": "Japanese"}