{"text": "\u6240\u4ee5\u5462,\u4f60\u5f97\u76f4\u76f4\u7ec6\u7ec6\u5730\u8c03\u7814\u4e00\u4e0b\u5f53\u524d\u672c\u5730\u7684,\u5230\u5e95\u662f\u54ea\u91cc\u5360\u7528\u4e8630\u591a\u5b63\u5462?Worspace\u4e5f\u4e0d\u5927\u5440", "segments": [{"id": 0, "seek": 0, "start": 0.0, "end": 5.0, "text": "\u6240\u4ee5\u5462,\u4f60\u5f97\u76f4\u76f4\u7ec6\u7ec6\u5730\u8c03\u7814\u4e00\u4e0b", "tokens": [50364, 40685, 11, 2166, 5916, 16186, 16186, 10115, 228, 10115, 228, 10928, 8897, 225, 23230, 242, 8861, 50614], "temperature": 0.0, "avg_logprob": -0.5656924438476563, "compression_ratio": 0.9126984126984127, "no_speech_prob": 0.08010000735521317}, {"id": 1, "seek": 0, "start": 5.0, "end": 10.0, "text": "\u5f53\u524d\u672c\u5730\u7684,\u5230\u5e95\u662f\u54ea\u91cc\u5360\u7528\u4e8630\u591a\u5b63\u5462?", "tokens": [50614, 16233, 8945, 8802, 10928, 1546, 11, 33883, 1541, 17028, 15759, 5322, 254, 9254, 2289, 3446, 6392, 8052, 96, 6240, 30, 50864], "temperature": 0.0, "avg_logprob": -0.5656924438476563, "compression_ratio": 0.9126984126984127, "no_speech_prob": 0.08010000735521317}, {"id": 2, "seek": 0, "start": 10.0, "end": 12.0, "text": "Worspace\u4e5f\u4e0d\u5927\u5440", "tokens": [50864, 54, 830, 17940, 6404, 1960, 3582, 15348, 50964], "temperature": 0.0, "avg_logprob": -0.5656924438476563, "compression_ratio": 0.9126984126984127, "no_speech_prob": 0.08010000735521317}], "language": "zh"}