{"text": "\u4f60\u966a\u6211\u5012\u4e86\u6211\u4e0b\u676f", "segments": [{"id": 0, "seek": 0, "start": 0.0, "end": 2.5, "text": "\u4f60\u966a\u6211\u5012\u4e86\u6211\u4e0b\u676f", "tokens": [50364, 2166, 8842, 103, 1654, 30878, 2289, 1654, 4438, 45458, 50489], "temperature": 0.0, "avg_logprob": -0.8192035357157389, "compression_ratio": 0.6857142857142857, "no_speech_prob": 0.04989827424287796}], "language": "Chinese"}