{"text": "\u4e00\u70b9\u306e\u30b9\u30bf\u30df\u30ca\u306e slowly \u305d\u306e", "segments": [{"id": 0, "seek": 0, "start": 0.0, "end": 4.96, "text": "\u4e00\u70b9\u306e\u30b9\u30bf\u30df\u30ca\u306e slowly \u305d\u306e", "tokens": [50364, 49042, 2972, 9550, 12144, 23196, 26719, 2972, 5692, 18421, 2972, 50612], "temperature": 1.0, "avg_logprob": -3.8575941232534556, "compression_ratio": 0.7755102040816326, "no_speech_prob": 0.025566138327121735}], "language": "Japanese"}